State,District,Block,DECCAN PLATEAU  (TELANGANA) AND EASTERN GHATS  HOT SEMI ARID ECO-REGION,DECCAN PLATU  HOT SEMI-ARID ECO-REGION,EASTERN COASTAL PLAIN  HOT SUBHUMID TO SEMI-ARID EGO-REGION,EASTERN GHATS AND TAMIL NADU UPLANDS AND DECCAN (K ARNATAKA) PLATEAU  HOT SEMI-ARID ECO-REGION,KARNATAKA PLATEAU (RAYALSEEMA AS INCLUSION),WESTERN GHATS AND COASTAL PLAIN  HOT HUMID-PERHUMID ECO-REGION
KA,Bagalkote,Badami,0.0,172.80863156786648,0.0,0.0,976.0035325776146,0.0
KA,Bagalkote,Bagalkot,0.0,0.0,0.0,0.0,1046.7771301426656,0.0
KA,Bagalkote,Bilgi,0.0,0.0,0.0,0.0,831.8893166228818,0.0
KA,Bagalkote,Guledgudda,0.0,0.0,0.0,0.0,364.89684084270624,0.0
KA,Bagalkote,Hungund,0.0,0.0,0.0,0.0,768.9585608172265,0.0
KA,Bagalkote,Ilkal,0.0,28.893024261350686,0.0,0.0,653.4833767225504,0.0
KA,Bagalkote,Jamkhandi,0.0,0.10393233217388377,0.0,0.0,950.7694993814699,0.0
KA,Bagalkote,Mudhol,0.0,9.280703140464407,0.0,0.0,901.9737506493648,0.0
KA,Bagalkote,Rabakavi Banahatti,0.0,157.4667731505156,0.0,0.0,284.8033833616913,0.0
KA,Ballari,Ballari,1.9118703085417719,0.0,0.0,0.0,1237.6307430487404,0.0
KA,Ballari,Hadagalli,0.0,381.29401508417976,0.0,0.0,637.9092356237682,0.0
KA,Ballari,Hagaribommanahalli,0.0,0.0,0.0,0.0,987.1702560335965,0.0
KA,Ballari,Hosapete,0.0,0.0,0.0,0.0,708.5113138899832,0.0
KA,Ballari,Kampli,0.0,0.0,0.0,0.0,303.86423868484843,0.0
KA,Ballari,Kotturu,0.0,0.0,0.0,0.0,598.8847412592261,0.0
KA,Ballari,Kudligi,0.0,0.0,0.0,0.0,1217.4954652333433,0.0
KA,Ballari,Kurugodu,0.0,0.0,0.0,0.0,590.6743051393555,0.0
KA,Ballari,Sandur,0.0,0.0,0.0,0.0,1346.4085685178636,0.0
KA,Ballari,Siruguppa,4.477673796430514,638.5781384986598,0.0,0.0,477.9613389959006,0.0
KA,Belagavi,Athni,0.0,1230.375136358591,0.0,0.0,436.96396715596325,0.0
KA,Belagavi,Bailahongala,0.0,819.2798788593553,0.0,0.0,0.0,0.0
KA,Belagavi,Belagavi,0.0,1070.8147379039074,0.0,0.0,0.0,27.16272411190487
KA,Belagavi,Chikodi,0.0,950.8936775664205,0.0,0.0,0.0,0.0
KA,Belagavi,Gokak,0.0,1148.038488225197,0.0,0.0,0.0,0.0
KA,Belagavi,Hukeri,0.0,1072.79580063935,0.0,0.0,0.0,0.0
KA,Belagavi,Kagwad,0.0,499.1773159459023,0.0,0.0,0.0,0.0
KA,Belagavi,Khanapur,0.0,985.2308514210223,0.0,0.0,0.0,856.5400926696337
KA,Belagavi,Kittur,0.0,388.02334257876197,0.0,0.0,0.0,0.0
KA,Belagavi,Mudalgi,0.0,578.741149553607,0.0,0.0,45.06616465940857,0.0
KA,Belagavi,Nippani,0.0,497.1421171240867,0.0,0.0,0.0,0.0
KA,Belagavi,Ramdurg,0.0,1187.9846641704526,0.0,0.0,107.41136295123997,0.0
KA,Belagavi,Raybag,0.0,1034.9803047218531,0.0,0.0,1.9399808377408227,0.0
KA,Belagavi,Savadatti,0.0,1694.2809282206435,0.0,0.0,0.0,0.0
KA,Bengaluru Rural,Devanahalli,0.0,0.0,0.0,477.43746966785136,0.0,0.0
KA,Bengaluru Rural,Dodda Ballapur,0.0,0.0,0.0,851.8589171674043,0.0,0.0
KA,Bengaluru Rural,Hosakote,0.0,0.0,0.0,576.4597107400846,0.0,0.0
KA,Bengaluru Rural,Nelamangala,0.0,0.0,0.0,534.0878161078235,0.0,0.0
KA,Bengaluru Urban,Anekal,0.0,0.0,0.0,553.6443913037178,0.0,0.0
KA,Bengaluru Urban,Area Not Under Any Sub-district,0.0,0.0,0.0,749.3409825793993,0.0,0.0
KA,Bengaluru Urban,Bengaluru East,0.0,0.0,0.0,132.12444831696976,0.0,0.0
KA,Bengaluru Urban,Bengaluru North,0.0,0.0,0.0,190.54236317519582,0.0,0.0
KA,Bengaluru Urban,Bengaluru South,0.0,0.0,0.0,364.97984071752046,0.0,0.0
KA,Bengaluru Urban,Yelahanka,0.0,0.0,0.0,335.75280823899607,0.0,0.0
KA,Bidar,Aurad,0.19542045351758866,854.7125585627182,0.0,0.0,0.0,0.0
KA,Bidar,Basavakalyan,0.0,1093.4936346057348,0.0,0.0,0.0,0.0
KA,Bidar,Bhalki,0.0,1295.6165851127214,0.0,0.0,0.0,0.0
KA,Bidar,Bidar,4.90451205265502,1013.1293082378761,0.0,0.0,0.0,0.0
KA,Bidar,Chitaguppa,0.20107614038667798,467.5102754919435,0.0,0.0,0.0,0.0
KA,Bidar,Homnabad,0.0,561.9372822706571,0.0,0.0,0.0,0.0
KA,Bidar,Hulsoor,0.0,234.56327415239605,0.0,0.0,0.0,0.0
KA,Bidar,Kamalnagar,0.0,520.6229365454262,0.0,0.0,0.0,0.0
KA,Chamarajanagara,Chamarajanagar,0.0,0.0,0.0,1274.51370210053,0.0,0.0
KA,Chamarajanagara,Gundlupet,0.0,0.0,0.0,1411.1211631799558,0.0,39.115611421637716
KA,Chamarajanagara,Hanur,0.0,0.0,0.0,2385.8261571490402,0.0,0.0
KA,Chamarajanagara,Kollegal,0.0,0.0,0.0,533.9672520452644,0.0,0.0
KA,Chamarajanagara,Yelandur,0.0,0.0,0.0,292.57927665022936,0.0,0.0
KA,Chikkaballapura,Bagepalli,0.0,0.0,0.0,1022.4330691975864,9.754035502180914,0.0
KA,Chikkaballapura,Chikkaballapura,0.0,0.0,0.0,639.3507702935007,0.0,0.0
KA,Chikkaballapura,Chintamani,0.0,0.0,0.0,959.2584389722333,0.0,0.0
KA,Chikkaballapura,Gauribidanur,0.0,0.0,0.0,927.8365225200029,5.87326885650561,0.0
KA,Chikkaballapura,Gudibanda,0.0,0.0,0.0,239.0770810487661,1.3140561056404316,0.0
KA,Chikkaballapura,Sidlaghatta,0.0,0.0,0.0,712.6035969238433,0.0,0.0
KA,Chikkamagaluru,Ajjampura,0.0,0.0,0.0,586.830881289457,0.0,0.0
KA,Chikkamagaluru,Chikkamagaluru,0.0,0.0,0.0,401.81670039645513,0.0,1326.417702983187
KA,Chikkamagaluru,Kadur,0.0,0.0,0.0,1333.145180719791,0.0,0.0
KA,Chikkamagaluru,Koppa,0.0,0.0,0.0,0.0,0.0,634.1372491568281
KA,Chikkamagaluru,Mudigere,0.0,0.0,0.0,0.0,0.0,1192.8454374631035
KA,Chikkamagaluru,Narasimharajapura,0.0,0.0,0.0,4.097448830297178,0.0,850.7631979503152
KA,Chikkamagaluru,Sringeri,0.0,0.0,0.0,0.0,0.0,439.3225374974416
KA,Chikkamagaluru,Tarikere,0.0,0.0,0.0,683.957800332148,0.0,207.79356115896422
KA,Chitradurga,Challakere,0.0,0.0,0.0,319.54879182727746,1927.6786871160916,0.0
KA,Chitradurga,Chitradurga,0.0,0.0,0.0,1323.918304284858,145.9540089846799,0.0
KA,Chitradurga,Hiriyur,0.0,0.0,0.0,1819.045994544147,0.9527952201399662,0.0
KA,Chitradurga,Holalkere,0.0,0.0,0.0,1152.8234024364433,0.0,0.0
KA,Chitradurga,Hosdurga,0.0,0.0,0.0,1543.529745085666,0.0,0.0
KA,Chitradurga,Molakalmuru,0.0,0.0,0.0,0.0,794.1644302628782,0.0
KA,Dakshina Kannada,Bantval,0.0,0.0,0.0,0.0,0.0,785.4359183247938
KA,Dakshina Kannada,Beltangadi,0.0,0.0,0.0,0.0,0.0,1464.0008473861324
KA,Dakshina Kannada,Kadaba,0.0,0.0,0.0,0.0,0.0,772.5935207527452
KA,Dakshina Kannada,Mangaluru,0.0,0.0,0.0,0.0,0.0,600.9787655897258
KA,Dakshina Kannada,Moodubidire,0.0,0.0,0.0,0.0,0.0,316.96870074284124
KA,Dakshina Kannada,Puttur,0.0,0.0,0.0,0.0,0.0,447.0933431048217
KA,Dakshina Kannada,Sulya,0.0,0.0,0.0,0.0,0.0,763.4995090073987
KA,Davangere,Channagiri,0.0,0.0,0.0,1295.8241039658174,0.0,0.0
KA,Davangere,Davanagere,0.0,0.0,0.0,1020.9566420356351,0.0,0.0
KA,Davangere,Harapanahalli,0.0,92.7080045119463,0.0,582.9677659617877,870.5772308329203,0.0
KA,Davangere,Harihar,0.0,22.76873407778411,0.0,502.65270373966416,0.0,0.0
KA,Davangere,Honnali,0.0,0.0,0.0,527.3394051790352,0.0,0.0
KA,Davangere,Jagalur,0.0,0.0,0.0,141.39471872346755,901.3948457578009,0.0
KA,Davangere,Nyamathi,0.0,0.0,0.0,390.820342142836,0.0,2.656301966290275
KA,Dharwad,Alnavar,0.0,132.0655913413894,0.0,0.0,0.0,0.0
KA,Dharwad,Annigeri,0.0,402.7221243854365,0.0,0.0,0.0,0.0
KA,Dharwad,Dharwad,0.0,1006.5159877862833,0.0,0.0,0.0,0.0
KA,Dharwad,Hubballi,0.0,579.6376260031543,0.0,0.0,0.0,0.0
KA,Dharwad,Hubballi Urban,0.0,309.2614986028331,0.0,0.0,0.0,0.0
KA,Dharwad,Kalghatgi,0.0,732.3160462853201,0.0,0.0,0.0,0.0
KA,Dharwad,Kundgol,0.0,662.8762943021788,0.0,0.0,0.0,0.0
KA,Dharwad,Navalgund,0.0,782.4937701920177,0.0,0.0,0.0,0.0
KA,Gadag,Gadag,0.0,1135.2973314228332,0.0,0.0,8.174182207496635,0.0
KA,Gadag,Gajendragad,0.0,0.0,0.0,0.0,363.8136534153056,0.0
KA,Gadag,Laxmeshwar,0.0,493.4130319436507,0.0,0.0,0.0,0.0
KA,Gadag,Mundargi,0.0,687.9968232494338,0.0,0.0,268.9324193336699,0.0
KA,Gadag,Nargund,0.0,471.88155214462273,0.0,0.0,0.0,0.0
KA,Gadag,Ron,0.0,730.6944137371664,0.0,0.0,314.65111101190314,0.0
KA,Gadag,Shirhatti,0.0,566.6458685843209,0.0,0.0,0.0,0.0
KA,Hassan,Alur,0.0,0.0,0.0,334.4407026878517,0.0,133.32776331890872
KA,Hassan,Arkalgud,0.0,0.0,0.0,655.3446994103812,0.0,51.63040390687548
KA,Hassan,Arsikere,0.0,0.0,0.0,1330.5088160612686,0.0,0.0
KA,Hassan,Belur,0.0,0.0,0.0,498.86943043831826,0.0,429.0180455831279
KA,Hassan,Channarayapatna,0.0,0.0,0.0,1088.5427287582336,0.0,0.0
KA,Hassan,Hassan,0.0,0.0,0.0,1000.4387117717947,0.0,0.0
KA,Hassan,Hole Narsipur,0.0,0.0,0.0,619.6560444210949,0.0,0.0
KA,Hassan,Sakleshpur,0.0,0.0,0.0,0.0,0.0,1078.360307734935
KA,Haveri,Byadgi,0.0,474.77358089572317,0.0,0.0,0.0,0.0
KA,Haveri,Hangal,0.0,837.591186992891,0.0,0.0,0.0,0.0
KA,Haveri,Haveri,0.0,861.8435950790299,0.0,0.0,0.0,0.0
KA,Haveri,Hirekerur,0.0,338.39785073930216,0.0,53.284736567770096,0.0,0.0
KA,Haveri,Ranibennur,0.0,924.3642594452174,0.0,55.91427059992627,0.0,0.0
KA,Haveri,Rattihalli,0.0,341.86893069569857,0.0,98.15682490353791,0.0,0.0
KA,Haveri,Savanur,0.0,583.2521104277029,0.0,0.0,0.0,0.0
KA,Haveri,Shiggaon,0.0,617.7406100974916,0.0,0.0,0.0,0.0
KA,Kalaburagi,Afzalpur,0.0,1452.2811541759959,0.0,0.0,0.0,0.0
KA,Kalaburagi,Aland,0.0,1759.0016517945446,0.0,0.0,0.0,0.0
KA,Kalaburagi,Chincholi,4.600755970694692,1407.3212968602274,0.0,0.0,0.0,0.0
KA,Kalaburagi,Chittapur,0.0,1139.153026549905,0.0,0.0,0.0,0.0
KA,Kalaburagi,Jevargi,0.0,1162.1802758989302,0.0,0.0,0.0,0.0
KA,Kalaburagi,Kalaburagi,0.0,1398.338497617786,0.0,0.0,0.0,0.0
KA,Kalaburagi,Kalagi,0.0,757.1956597147955,0.0,0.0,0.0,0.0
KA,Kalaburagi,Kamalapur,0.0,796.6745142455686,0.0,0.0,0.0,0.0
KA,Kalaburagi,Sedam,0.6724024940062215,1115.9282060048117,0.0,0.0,0.0,0.0
KA,Kalaburagi,Shahabad,0.0,234.9174643715602,0.0,0.0,0.0,0.0
KA,Kalaburagi,Yadrami,0.0,849.7147304252189,0.0,0.0,0.0,0.0
KA,Kodagu,Madikeri,0.0,0.0,0.0,0.0,0.0,1502.326709803253
KA,Kodagu,Somvarpet,0.0,0.0,0.0,28.41416474118571,0.0,1033.6135264591737
KA,Kodagu,Virajpet,0.0,0.0,0.0,101.9149618613023,0.0,1665.7855764015283
KA,Kolar,Bangarapet,0.0,0.0,0.0,574.5754400556007,0.0,0.0
KA,Kolar,Kolar,0.0,0.0,0.0,839.9229090896338,0.0,0.0
KA,Kolar,Kolar Gold Field,0.0,0.0,0.0,335.8932921993072,0.0,0.0
KA,Kolar,Malur,0.0,0.0,0.0,681.6127302980004,0.0,0.0
KA,Kolar,Mulbagal,0.0,0.0,0.0,871.652494049677,0.0,0.0
KA,Kolar,Srinivaspur,0.0,0.0,0.0,917.3606087495037,0.0,0.0
KA,Koppal,Gangawati,0.0,0.0,0.0,0.0,468.97403267090584,0.0
KA,Koppal,Kanakagiri,0.0,0.5725785002926862,0.0,0.0,534.2959888226812,0.0
KA,Koppal,Karatagi,0.0,9.334345822505137,0.0,0.0,410.67660049420107,0.0
KA,Koppal,Koppal,0.0,0.0,0.0,0.0,1485.035078016302,0.0
KA,Koppal,Kukunoor,0.0,4.54966263881824,0.0,0.0,715.9027017595434,0.0
KA,Koppal,Kushtagi,0.0,64.76452097050093,0.0,0.0,1423.2077044176874,0.0
KA,Koppal,Yelbarga,0.0,0.0,0.0,0.0,919.058845548538,0.0
KA,Mandya,Krishnarajpet,0.0,0.0,0.0,949.8024778332167,0.0,0.0
KA,Mandya,Maddur,0.0,0.0,0.0,648.1940087089648,0.0,0.0
KA,Mandya,Malavalli,0.0,0.0,0.0,877.0196212602472,0.0,0.0
KA,Mandya,Mandya,0.0,0.0,0.0,734.8944261529256,0.0,0.0
KA,Mandya,Nagamangala,0.0,0.0,0.0,1090.5668926948297,0.0,0.0
KA,Mandya,Pandavapura,0.0,0.0,0.0,547.0801077132518,0.0,0.0
KA,Mandya,Shrirangapattana,0.0,0.0,0.0,389.109477934148,0.0,0.0
KA,Mysuru,Heggadadevankote,0.0,0.0,0.0,1153.2265220540119,0.0,65.78199295365324
KA,Mysuru,Hunsur,0.0,0.0,0.0,950.7819272621032,0.0,0.0
KA,Mysuru,Krishnarajanagara,0.0,0.0,0.0,642.1471496802411,0.0,0.0
KA,Mysuru,Mysuru,0.0,0.0,0.0,841.2142187213137,0.0,0.0
KA,Mysuru,Nanjangud,0.0,0.0,0.0,1024.59731301756,0.0,0.0
KA,Mysuru,Piriyapatna,0.0,0.0,0.0,793.5773885350919,0.0,61.77556803594075
KA,Mysuru,Saraguru,0.0,0.0,0.0,482.17147893407264,0.0,0.0
KA,Mysuru,Tirumakudal - Narsipur,0.0,0.0,0.0,632.3509838351007,0.0,0.0
KA,Raichur,Devadurga,0.0,1633.3150190007336,0.0,0.0,0.0,0.0
KA,Raichur,Lingsugur,0.0,1569.419592533327,0.0,0.0,43.24238693310857,0.0
KA,Raichur,Manvi,262.6301886603073,551.426054994939,0.0,0.0,0.0,0.0
KA,Raichur,Maski,0.0,1242.584732761836,0.0,0.0,0.0,0.0
KA,Raichur,Raichur,1534.1706547973984,176.36568615927456,0.0,0.0,0.0,0.0
KA,Raichur,Sindhnur,0.0,1238.9725129743197,0.0,0.0,129.0554194730098,0.0
KA,Raichur,Sirwar,83.41958600685156,732.8978212013021,0.0,0.0,0.0,0.0
KA,Ramanagara,Channapatna,0.0,0.0,0.0,569.1679851984203,0.0,0.0
KA,Ramanagara,Kanakapura,0.0,0.0,0.0,1639.7884744090377,0.0,0.0
KA,Ramanagara,Magadi,0.0,0.0,0.0,841.7678857217168,0.0,0.0
KA,Ramanagara,Ramanagara,0.0,0.0,0.0,665.0047890091255,0.0,0.0
KA,Shivamogga,Bhadravati,0.0,0.0,0.0,682.7484602452178,0.0,49.761080832006236
KA,Shivamogga,Hosanagara,0.0,0.0,0.0,0.0,0.0,1520.769163389062
KA,Shivamogga,Sagar,0.0,0.0,0.0,0.0,0.0,2073.1986069623654
KA,Shivamogga,Shikarpur,0.0,35.31555717610469,0.0,739.7923851086503,0.0,201.11495899474835
KA,Shivamogga,Shivamogga,0.0,0.0,0.0,552.7929425290395,0.0,635.0497346181202
KA,Shivamogga,Sorab,0.0,462.50239700286,0.0,117.78265640643647,0.0,652.8583555959103
KA,Shivamogga,Tirthahalli,0.0,0.0,0.0,0.0,0.0,1338.3751718122144
KA,Tumakuru,Chiknayakanhalli,0.0,0.0,0.0,1210.1360089269372,0.0,0.0
KA,Tumakuru,Gubbi,0.0,0.0,0.0,1299.3741864528333,0.0,0.0
KA,Tumakuru,Koratagere,0.0,0.0,0.0,684.2518080014286,0.0,0.0
KA,Tumakuru,Kunigal,0.0,0.0,0.0,1035.993845261476,0.0,0.0
KA,Tumakuru,Madhugiri,0.0,0.0,0.0,1176.0729023226686,10.387718482226177,0.0
KA,Tumakuru,Pavagada,0.0,0.0,0.0,0.0,1458.0766642004148,0.0
KA,Tumakuru,Sira,0.0,0.0,0.0,1653.3670879908955,1.2810446823740407,0.0
KA,Tumakuru,Tiptur,0.0,0.0,0.0,826.7423939467536,0.0,0.0
KA,Tumakuru,Tumakuru,0.0,0.0,0.0,1093.5146026228508,0.0,0.0
KA,Tumakuru,Turuvekere,0.0,0.0,0.0,830.0799242547978,0.0,0.0
KA,Udupi,Bainduru,0.0,0.0,0.0,0.0,0.0,630.0019003843335
KA,Udupi,Brahmavara,0.0,0.0,0.0,0.0,0.0,446.919933091521
KA,Udupi,Hebri,0.0,0.0,0.0,0.0,0.0,455.34848759690374
KA,Udupi,Kapu,0.0,0.0,0.0,0.0,0.0,251.27550926485796
KA,Udupi,Karkal,0.0,0.0,0.0,0.0,0.0,712.9839009434216
KA,Udupi,Kundapura,0.0,0.0,0.0,0.0,0.0,906.8792919334769
KA,Udupi,Udupi,0.0,0.0,0.0,0.0,0.0,344.3110567633855
KA,Uttara Kannada,Ankola,0.0,0.0,0.0,0.0,0.0,981.4309229369233
KA,Uttara Kannada,Bhatkal,0.0,0.0,0.0,0.0,0.0,371.384138467271
KA,Uttara Kannada,Dandeli,0.0,146.5718044782952,0.0,0.0,0.0,113.95309291572882
KA,Uttara Kannada,Haliyal,0.0,646.9971099874051,0.0,0.0,0.0,0.0
KA,Uttara Kannada,Honavar,0.0,0.0,0.0,0.0,0.0,754.5574801903894
KA,Uttara Kannada,Karwar,0.0,0.0,0.0,0.0,0.0,772.6399823254715
KA,Uttara Kannada,Kumta,0.0,0.0,0.0,0.0,0.0,595.2596345289269
KA,Uttara Kannada,Mundgod,0.0,753.8032063916772,0.0,0.0,0.0,0.0
KA,Uttara Kannada,Siddapur,0.0,0.0,0.0,0.0,0.0,953.6734976428339
KA,Uttara Kannada,Sirsi,0.0,311.9650348256574,0.0,0.0,0.0,1119.2939496820118
KA,Uttara Kannada,Supa,0.0,22.178463940483176,0.0,0.0,0.0,1953.3074079195585
KA,Uttara Kannada,Yellapur,0.0,633.0062165803321,0.0,0.0,0.0,815.0138421114419
KA,Vijayapura,Babaleshwar,0.0,0.0,0.0,0.0,885.605870658504,0.0
KA,Vijayapura,Basavana Bagevadi,0.0,633.5595296446504,0.0,0.0,529.921392623495,0.0
KA,Vijayapura,Chadachan,0.0,737.7464726279941,0.0,0.0,0.0,0.0
KA,Vijayapura,Devara Hipparagi,0.0,793.4812693567056,0.0,0.0,0.0,0.0
KA,Vijayapura,Indi,0.0,1690.2368534777581,0.0,0.0,0.0,0.0
KA,Vijayapura,Kolhar,0.0,0.0,0.0,0.0,469.975079790594,0.0
KA,Vijayapura,Muddebihal,0.0,531.0835466006782,0.0,0.0,479.39697678976535,0.0
KA,Vijayapura,Nidagundi,0.0,0.0,0.0,0.0,392.7525360368985,0.0
KA,Vijayapura,Sindgi,0.0,1595.6785614437792,0.0,0.0,0.0,0.0
KA,Vijayapura,Talikoti,0.0,810.4154665308432,0.0,0.0,0.0,0.0
KA,Vijayapura,Tikota,0.0,83.32306198336822,0.0,0.0,855.5308618810425,0.0
KA,Vijayapura,Vijayapura,0.0,755.3742928748961,0.0,0.0,271.7397483109636,0.0
KA,Yadgir,Gurumitkal,2.51334755209158,761.7721811166829,0.0,0.0,0.0,0.0
KA,Yadgir,Hunasagi,0.0,938.1418394168073,0.0,0.0,0.0,0.0
KA,Yadgir,Shahpur,0.0,1112.3255828967892,0.0,0.0,0.0,0.0
KA,Yadgir,Shorapur,0.0,1070.554607608749,0.0,0.0,0.0,0.0
KA,Yadgir,Wadagera,0.19867504106876355,774.5494982304463,0.0,0.0,0.0,0.0
KA,Yadgir,Yadgir,0.21530268943320255,1116.4014900554641,0.0,0.0,0.0,0.0
TN,Ariyalur,Ariyalur,0.0,0.0,0.0,719.4791161434769,0.0,0.0
TN,Ariyalur,Sendurai,0.0,0.0,0.0,331.03275772999905,0.0,0.0
TN,Ariyalur,Udayarpalayam,0.0,0.0,50.91091117038381,925.675604600424,0.0,0.0
TN,Chengalpattu,Alandur,0.0,0.0,96.65126847923639,0.0,0.0,0.0
TN,Chengalpattu,Chengalpattu,0.0,0.0,825.5516568678729,0.0,0.0,0.0
TN,Chengalpattu,Cheyyur,0.0,0.0,580.9795396995588,0.0,0.0,0.0
TN,Chengalpattu,Maduranthakam,0.0,0.0,731.544394824797,19.689351065029182,0.0,0.0
TN,Chengalpattu,Sholinganallur,0.0,0.0,171.87034885685713,0.0,0.0,0.0
TN,Chengalpattu,Tambaram,0.0,0.0,67.28235662096343,0.0,0.0,0.0
TN,Chengalpattu,Tirukalukundram,0.0,0.0,398.6964244027775,0.0,0.0,0.0
TN,Chennai,Chennai,0.0,0.0,177.76740694780335,0.0,0.0,0.0
TN,Coimbatore,Coimbatore North,0.0,0.0,0.0,935.2250437244487,0.0,2.4972311017974502
TN,Coimbatore,Coimbatore South,0.0,0.0,0.0,773.9312034359352,0.0,5.908053691661703
TN,Coimbatore,Mettupalayam,0.0,0.0,0.0,702.7666652873369,0.0,15.37659861985378
TN,Coimbatore,Pollachi,0.0,0.0,0.0,1164.7414523959703,0.0,9.628578794963513
TN,Coimbatore,Sulur,0.0,0.0,0.0,603.4032090857467,0.0,0.0
TN,Coimbatore,Valparai,0.0,0.0,0.0,707.8619527637513,0.0,11.798344554913106
TN,Cuddalore,Chidambaram,0.0,0.0,632.0630270940067,0.0,0.0,0.0
TN,Cuddalore,Cuddalore,0.0,0.0,328.0306502519276,0.0,0.0,0.0
TN,Cuddalore,Kattumannarkoil,0.0,0.0,412.4862867005789,58.297123998251436,0.0,0.0
TN,Cuddalore,Kurinjipadi,0.0,0.0,381.1398141006558,0.0,0.0,0.0
TN,Cuddalore,Panruti,0.0,0.0,519.2320391774466,3.9512299089171785,0.0,0.0
TN,Cuddalore,Tittakudi,0.0,0.0,0.0,642.0264293896893,0.0,0.0
TN,Cuddalore,Virudhachalam,0.0,0.0,160.16545051758527,746.265838519225,0.0,0.0
TN,Dharmapuri,Dharmapuri,0.0,0.0,0.0,853.8482384302621,0.0,0.0
TN,Dharmapuri,Harur,0.0,0.0,0.0,1014.3076768335546,0.0,0.0
TN,Dharmapuri,Palakkodu,0.0,0.0,0.0,774.6285417235144,0.0,0.0
TN,Dharmapuri,Pappireddipatti,0.0,0.0,0.0,896.6496732770056,0.0,0.0
TN,Dharmapuri,Pennagaram,0.0,0.0,0.0,1192.1323193847443,0.0,0.0
TN,Dindigul,Attur,0.0,0.0,0.0,241.50291822669573,0.0,0.0
TN,Dindigul,Dindiguleast,0.0,0.0,0.0,1206.2474064573191,0.0,0.0
TN,Dindigul,Kodaikanal,0.0,0.0,0.0,1066.0061338068674,0.0,1.8813483531118158
TN,Dindigul,Natham,0.0,0.0,0.0,617.0854082101587,0.0,0.0
TN,Dindigul,Nilakkottai,0.0,0.0,0.0,511.0760721407946,0.0,0.0
TN,Dindigul,Oddanchatram,0.0,0.0,0.0,813.2267033271962,0.0,0.0
TN,Dindigul,Palani,0.0,0.0,0.0,746.6331898372047,0.0,0.0
TN,Dindigul,Vedasandur,0.0,0.0,0.0,1087.5532965742748,0.0,0.0
TN,Erode,Bhavani,0.0,0.0,0.0,1568.6642209362813,0.0,0.0
TN,Erode,Erode,0.0,0.0,0.0,779.8595766326195,0.0,0.0
TN,Erode,Gobichettipalayam,0.0,0.0,0.0,695.9508745511889,0.0,0.0
TN,Erode,Perundurai,0.0,0.0,0.0,614.0900255233155,0.0,0.0
TN,Erode,Sathyamangalam,0.0,0.0,0.0,2308.972085424393,0.0,71.5378088589003
TN,Kallakurichi,Kallakkurichi,0.0,0.0,0.0,1055.3508563966761,0.0,0.0
TN,Kallakurichi,Sankarapuram,0.0,0.0,0.0,1382.248300185834,0.0,0.0
TN,Kallakurichi,Tirukkoyilur,0.0,0.0,0.0,755.2576775061982,0.0,0.0
TN,Kallakurichi,Ulundurpettai,0.0,0.0,31.2683429182782,756.6558259435152,0.0,0.0
TN,Kanchipuram,Kancheepuram,0.0,0.0,601.0188403784159,82.96730186625823,0.0,0.0
TN,Kanchipuram,Sriperumbudur,0.0,0.0,681.6625334731274,0.0,0.0,0.0
TN,Kanchipuram,Uthiramerur,0.0,0.0,387.29140675067293,68.5965143203192,0.0,0.0
TN,Kanniyakumari,Agastheeswaram,0.0,0.0,285.66784879834745,0.0,0.0,0.0
TN,Kanniyakumari,Kalkulam,0.0,0.0,602.8499047297014,52.14798424579897,0.0,0.0
TN,Kanniyakumari,Thovala,0.0,0.0,377.58928162738476,7.051139453453362,0.0,0.0
TN,Kanniyakumari,Vilavancode,0.0,0.0,378.3475198774261,12.862346557813371,0.0,9.483547501158743
TN,Karur,Aravakurichi,0.0,0.0,0.0,1020.7447656439552,0.0,0.0
TN,Karur,Kadavur,0.0,0.0,0.0,501.7383646821261,0.0,0.0
TN,Karur,Karur,0.0,0.0,0.0,643.509732296587,0.0,0.0
TN,Karur,Krishnarayapuram,0.0,0.0,0.0,348.5305813503137,0.0,0.0
TN,Karur,Kulithalai,0.0,0.0,0.0,513.6165599979087,0.0,0.0
TN,Krishnagiri,Denkanikottai,0.0,0.0,0.0,2044.729740085379,0.0,0.0
TN,Krishnagiri,Hosur,0.0,0.0,0.0,1029.427960934794,0.0,0.0
TN,Krishnagiri,Krishnagiri,0.0,0.0,0.0,1399.6697222415057,0.0,0.0
TN,Krishnagiri,Pochampalli,0.0,0.0,0.0,389.4947853685566,0.0,0.0
TN,Krishnagiri,Uthangarai,0.0,0.0,0.0,548.9713560758543,0.0,0.0
TN,Madurai,Madurai North,0.0,0.0,0.0,414.9872465112485,0.0,0.0
TN,Madurai,Madurai South,0.0,0.0,0.0,296.62261987959346,0.0,0.0
TN,Madurai,Melur,0.0,0.0,0.0,674.6714215227528,0.0,0.0
TN,Madurai,Peraiyur,0.0,0.0,0.0,902.8363699271544,0.0,0.0
TN,Madurai,Thirumangalam,0.0,0.0,0.0,551.2696386086603,0.0,0.0
TN,Madurai,Usilampatti,0.0,0.0,0.0,504.2831833482165,0.0,0.0
TN,Madurai,Vadipatti,0.0,0.0,0.0,502.2541574226682,0.0,0.0
TN,Nagapattinam,Kilvelur,0.0,0.0,289.22868963927726,0.0,0.0,0.0
TN,Nagapattinam,Kuthalam,0.0,0.0,193.0536318437117,0.0,0.0,0.0
TN,Nagapattinam,Mayiladuthurai,0.0,0.0,251.83958832948966,0.0,0.0,0.0
TN,Nagapattinam,Nagapattinam,0.0,0.0,320.2883409119306,0.0,0.0,0.0
TN,Nagapattinam,Sirkali,0.0,0.0,481.78608737204723,0.0,0.0,0.0
TN,Nagapattinam,Tharangambadi,0.0,0.0,299.00043414293515,0.0,0.0,0.0
TN,Nagapattinam,Thirukkuvalai,0.0,0.0,150.8562555354171,0.0,0.0,0.0
TN,Nagapattinam,Vedaranyam,0.0,0.0,659.9758620713535,0.0,0.0,0.0
TN,Namakkal,Namakkal,0.0,0.0,0.0,1290.1647945303318,0.0,0.0
TN,Namakkal,Paramathi-Velur,0.0,0.0,0.0,555.0844335841371,0.0,0.0
TN,Namakkal,Rasipuram,0.0,0.0,0.0,876.7884112349548,0.0,0.0
TN,Namakkal,Tiruchengode,0.0,0.0,0.0,853.7998751068736,0.0,0.0
TN,Perambalur,Kunnam,0.0,0.0,0.0,910.6862304184331,0.0,0.0
TN,Perambalur,Perambalur,0.0,0.0,0.0,341.79321234357894,0.0,0.0
TN,Perambalur,Veppanthattai,0.0,0.0,0.0,584.7806271443666,0.0,0.0
TN,Pudukkottai,Alangudi,0.0,0.0,0.20572845293736697,372.02350284842134,0.0,0.0
TN,Pudukkottai,Aranthangi,0.0,0.0,117.0791183029331,312.0656564754195,0.0,0.0
TN,Pudukkottai,Avudayarkoil,0.0,0.0,369.0869966302214,100.95540561098119,0.0,0.0
TN,Pudukkottai,Gandarvakkottai,0.0,0.0,0.0,363.2812732817794,0.0,0.0
TN,Pudukkottai,Iluppur,0.0,0.0,0.0,692.8160392206673,0.0,0.0
TN,Pudukkottai,Karambakudi,0.0,0.0,4.34962549357036,284.90503698425556,0.0,0.0
TN,Pudukkottai,Kulathur,0.0,0.0,0.0,658.1673505015974,0.0,0.0
TN,Pudukkottai,Manamelkudi,0.0,0.0,248.92660184288073,0.0,0.0,0.0
TN,Pudukkottai,Ponnamaravathi,0.0,0.0,0.0,366.10964456356396,0.0,0.0
TN,Pudukkottai,Pudukkottai,0.0,0.0,0.0,323.9006237501148,0.0,0.0
TN,Pudukkottai,Thirumayam,0.0,0.0,0.0,640.0456129603241,0.0,0.0
TN,Ramanathapuram,Kadaladi,0.0,0.0,637.8404723823568,0.0,0.0,0.0
TN,Ramanathapuram,Kamuthi,0.0,0.0,98.2043209879424,496.4495994974548,0.0,0.0
TN,Ramanathapuram,Mudukulathur,0.0,0.0,301.6965640947395,203.3709332126483,0.0,0.0
TN,Ramanathapuram,Paramakudi,0.0,0.0,406.4483731203367,360.4761603935172,0.0,0.0
TN,Ramanathapuram,Ramanathapuram,0.0,0.0,792.792930805895,0.0,0.0,0.0
TN,Ramanathapuram,Rameswaram,0.0,0.0,88.50223832631666,0.0,0.0,0.0
TN,Ramanathapuram,Tiruvadanai,0.0,0.0,775.6773738772171,89.58380052851689,0.0,0.0
TN,Ranipet,Arakonam,0.0,0.0,32.9121132368361,864.4177616404041,0.0,0.0
TN,Ranipet,Arcot,0.0,0.0,0.0,547.7100840987597,0.0,0.0
TN,Ranipet,Wallajah,0.0,0.0,0.0,512.7404557207177,0.0,0.0
TN,Salem,Attur,0.0,0.0,0.0,1273.8808807688483,0.0,0.0
TN,Salem,Edappadi,0.0,0.0,0.0,320.5047124296763,0.0,0.0
TN,Salem,Gangavalli,0.0,0.0,0.0,552.4121624071773,0.0,0.0
TN,Salem,Mettur,0.0,0.0,0.0,817.9402736914667,0.0,0.0
TN,Salem,Omalur,0.0,0.0,0.0,686.9607882699606,0.0,0.0
TN,Salem,Salem,0.0,0.0,0.0,543.8878895072229,0.0,0.0
TN,Salem,Sankari,0.0,0.0,0.0,458.0249936594402,0.0,0.0
TN,Salem,Vazhapadi,0.0,0.0,0.0,437.61001510616285,0.0,0.0
TN,Salem,Yercaud,0.0,0.0,0.0,403.74400552664997,0.0,0.0
TN,Sivaganga,Devakottai,0.0,0.0,67.11813115195935,520.9699064225586,0.0,0.0
TN,Sivaganga,Ilayangudi,0.0,0.0,52.227503228847354,349.6283750192339,0.0,0.0
TN,Sivaganga,Karaikkudi,0.0,0.0,0.0,636.2779497173151,0.0,0.0
TN,Sivaganga,Manamadurai,0.0,0.0,0.0,724.1916591480745,0.0,0.0
TN,Sivaganga,Sivaganga,0.0,0.0,0.0,1084.923219287478,0.0,0.0
TN,Sivaganga,Thiruppathur,0.0,0.0,0.0,941.9346620971357,0.0,0.0
TN,Tenkasi,Alangulam,0.0,0.0,0.0,297.9351456918582,0.0,0.0
TN,Tenkasi,Sankarankoil,0.0,0.0,0.0,1003.8786190942636,0.0,0.0
TN,Tenkasi,Shenkottai,0.0,0.0,0.0,215.0698071366033,0.0,5.3540897042932585
TN,Tenkasi,Sivagiri,0.0,0.0,0.0,567.5269154289507,0.0,3.731723731272285
TN,Tenkasi,Tenkasi,0.0,0.0,0.0,523.2583867090302,0.0,2.253776153542965
TN,Tenkasi,Veerakeralamputhur,0.0,0.0,0.0,274.52110654321905,0.0,0.0
TN,Thanjavur,Kumbakonam,0.0,0.0,45.93866675526623,245.8823092228745,0.0,0.0
TN,Thanjavur,Orathanadu,0.0,0.0,234.20040708114237,394.4957923824264,0.0,0.0
TN,Thanjavur,Papanasam,0.0,0.0,0.0,396.69101417063126,0.0,0.0
TN,Thanjavur,Pattukkottai,0.0,0.0,690.8491620546735,11.40272504833146,0.0,0.0
TN,Thanjavur,Peravurani,0.0,0.0,298.55686608392733,6.362000670981891,0.0,0.0
TN,Thanjavur,Thanjavur,0.0,0.0,0.0,649.1582475660875,0.0,0.0
TN,Thanjavur,Thiruvaiyaru,0.0,0.0,0.0,292.4241505638875,0.0,0.0
TN,Thanjavur,Thiruvidaimarudur,0.0,0.0,138.27256367797,141.03843338843225,0.0,0.0
TN,The Nilgiris,Coonoor,0.0,0.0,0.0,24.487832791077615,0.0,205.93581992427033
TN,The Nilgiris,Gudalur,0.0,0.0,0.0,30.828005060463333,0.0,453.171939301291
TN,The Nilgiris,Kotagiri,0.0,0.0,0.0,20.591886220510048,0.0,405.0089628321407
TN,The Nilgiris,Kundah,0.0,0.0,0.0,0.002369119967341815,0.0,332.45492859158367
TN,The Nilgiris,Panthalur,0.0,0.0,0.0,0.0,0.0,288.7810951344639
TN,The Nilgiris,Udhagamandalam,0.0,0.0,0.0,5.599977488846833,0.0,917.8183521314872
TN,Theni,Andipatti,0.0,0.0,0.0,980.4228991760682,0.0,1.6930132400018696
TN,Theni,Bodinayakanur,0.0,0.0,0.0,543.8436420669956,0.0,4.269516152229929
TN,Theni,Periyakulam,0.0,0.0,0.0,408.4200353847344,0.0,0.0
TN,Theni,Theni,0.0,0.0,0.0,222.3267624731572,0.0,0.0
TN,Theni,Uthamapalayam,0.0,0.0,0.0,801.9848126668659,0.0,8.653235370931121
TN,Thiruvallur,Ambattur,0.0,0.0,190.58611732057662,0.0,0.0,0.0
TN,Thiruvallur,Gummidipoondi,0.0,0.0,362.93243116980705,91.24397372699754,0.0,0.0
TN,Thiruvallur,Mathavaram,0.0,0.0,142.4608011657526,0.0,0.0,0.0
TN,Thiruvallur,Pallipattu,0.0,0.0,0.0,363.0043823945289,0.0,0.0
TN,Thiruvallur,Ponneri,0.0,0.0,695.1719691182037,0.0,0.0,0.0
TN,Thiruvallur,Poonamallee,0.0,0.0,161.54612250699202,0.0,0.0,0.0
TN,Thiruvallur,Thiruvallur,0.0,0.0,672.1961396146253,43.418840597862335,0.0,0.0
TN,Thiruvallur,Tiruttani,0.0,0.0,70.0109593344693,408.040118158965,0.0,0.0
TN,Thiruvallur,Uthukkottai,0.0,0.0,367.75177482349926,21.72098080338508,0.0,0.0
TN,Thiruvarur,Kudavasal,0.0,0.0,334.830171551174,0.28191500601349917,0.0,0.0
TN,Thiruvarur,Mannargudi,0.0,0.0,560.0749155562033,31.72622911696887,0.0,0.0
TN,Thiruvarur,Nannilam,0.0,0.0,241.6025855649603,0.0,0.0,0.0
TN,Thiruvarur,Needamangalam,0.0,0.0,203.95012634176302,37.001891918236986,0.0,0.0
TN,Thiruvarur,Thiruthuraipoondi,0.0,0.0,549.3143313616275,0.0,0.0,0.0
TN,Thiruvarur,Thiruvarur,0.0,0.0,148.3243166069563,0.0,0.0,0.0
TN,Thiruvarur,Valangaiman,0.0,0.0,44.61372841066553,178.41062416795893,0.0,0.0
TN,Tiruchirappalli,Lalgudi,0.0,0.0,0.0,598.8421751728955,0.0,0.0
TN,Tiruchirappalli,Manachanallur,0.0,0.0,0.0,395.7131153964803,0.0,0.0
TN,Tiruchirappalli,Manapparai,0.0,0.0,0.0,1133.0172227950566,0.0,0.0
TN,Tiruchirappalli,Musiri,0.0,0.0,0.0,683.3140568201214,0.0,0.0
TN,Tiruchirappalli,Srirangam,0.0,0.0,0.0,403.73604221668506,0.0,0.0
TN,Tiruchirappalli,Thiruverumbur,0.0,0.0,0.0,278.2166352825903,0.0,0.0
TN,Tiruchirappalli,Thottiyam,0.0,0.0,0.0,284.6597402404694,0.0,0.0
TN,Tiruchirappalli,Thuraiyur,0.0,0.0,0.0,836.4091223495909,0.0,0.0
TN,Tiruchirappalli,Tiruchirappalli West,0.0,0.0,0.0,79.56732558668128,0.0,0.0
TN,Tirunelveli,Ambasamudram,0.0,0.0,0.0,1212.6692370724656,0.0,8.266317357378792
TN,Tirunelveli,Nanguneri,0.0,0.0,94.61013955459632,864.5355748539088,0.0,0.0
TN,Tirunelveli,Palayamkottai,0.0,0.0,0.0,329.2601627563845,0.0,0.0
TN,Tirunelveli,Radhapuram,0.0,0.0,872.0602129799859,34.75848036696183,0.0,0.0
TN,Tirunelveli,Tirunelveli,0.0,0.0,0.0,583.1052700527549,0.0,0.0
TN,Tirupathur,Ambur,0.0,0.0,0.0,586.7946624506139,0.0,0.0
TN,Tirupathur,Tirupathur,0.0,0.0,0.0,1058.2392411905028,0.0,0.0
TN,Tirupathur,Vaniyambadi,0.0,0.0,0.0,559.367356955304,0.0,0.0
TN,Tiruppur,Avanashi,0.0,0.0,0.0,735.4203386217362,0.0,0.0
TN,Tiruppur,Dharapuram,0.0,0.0,0.0,1410.3732478370882,0.0,0.0
TN,Tiruppur,Kangeyam,0.0,0.0,0.0,896.9874018524598,0.0,0.0
TN,Tiruppur,Madathukulam,0.0,0.0,0.0,568.452581735343,0.0,0.0
TN,Tiruppur,Palladam,0.0,0.0,0.0,498.6830734888966,0.0,0.0
TN,Tiruppur,Tiruppurnorth,0.0,0.0,0.0,382.3414713493307,0.0,0.0
TN,Tiruppur,Udumalaipettai,0.0,0.0,0.0,908.8992905803574,0.0,1.6408243824509698
TN,Tiruvannamalai,Arani,0.0,0.0,0.0,441.64485225901706,0.0,0.0
TN,Tiruvannamalai,Chengam,0.0,0.0,0.0,1063.1474099402417,0.0,0.0
TN,Tiruvannamalai,Cheyyar,0.0,0.0,67.26513359041925,832.8297323908062,0.0,0.0
TN,Tiruvannamalai,Polur,0.0,0.0,0.0,1450.0000850047757,0.0,0.0
TN,Tiruvannamalai,Thandrampet,0.0,0.0,0.0,717.2993547388227,0.0,0.0
TN,Tiruvannamalai,Tiruvannamalai,0.0,0.0,0.0,1027.3452473267982,0.0,0.0
TN,Tiruvannamalai,Vandavasi,0.0,0.0,45.81013280318866,884.9429319362062,0.0,0.0
TN,Tuticorin,Ettayapuram,0.0,0.0,0.0,522.7863854203255,0.0,0.0
TN,Tuticorin,Kovilpatti,0.0,0.0,0.0,848.0255129683408,0.0,0.0
TN,Tuticorin,Ottapidaram,0.0,0.0,265.84806793936303,486.33709711899473,0.0,0.0
TN,Tuticorin,Sathankulam,0.0,0.0,310.82715102635706,57.090667960986025,0.0,0.0
TN,Tuticorin,Srivaikuntam,0.0,0.0,184.91552378582116,429.48845454771254,0.0,0.0
TN,Tuticorin,Thoothukkudi,0.0,0.0,324.17338171399155,46.596533321293016,0.0,0.0
TN,Tuticorin,Tiruchendur,0.0,0.0,490.6579487397885,19.0881891640915,0.0,0.0
TN,Tuticorin,Vilathikulam,0.0,0.0,368.42323428416097,532.4900263639906,0.0,0.0
TN,Vellore,Gudiyatham,0.0,0.0,0.0,765.196529102153,0.0,0.0
TN,Vellore,Katpadi,0.0,0.0,0.0,560.2376819363011,0.0,0.0
TN,Vellore,Vellore,0.0,0.0,0.0,939.0534326367199,0.0,0.0
TN,Villupuram,Gingee,0.0,0.0,0.0,1126.609131314193,0.0,0.0
TN,Villupuram,Tindivanam,0.0,0.0,812.7688791658765,252.30005614109794,0.0,0.0
TN,Villupuram,Vanur,0.0,0.0,442.85312817835546,0.0,0.0,0.0
TN,Villupuram,Viluppuram,0.0,0.0,447.3887311583882,494.5799031050367,0.0,0.0
TN,Virudhunagar,Aruppukkottai,0.0,0.0,0.0,652.3961446190029,0.0,0.0
TN,Virudhunagar,Kariapatti,0.0,0.0,0.0,420.2524957507159,0.0,0.0
TN,Virudhunagar,Rajapalayam,0.0,0.0,0.0,491.02517833967056,0.0,2.858694983727169
TN,Virudhunagar,Sattur,0.0,0.0,0.0,515.4061580128375,0.0,0.0
TN,Virudhunagar,Sivakasi,0.0,0.0,0.0,599.7248077489448,0.0,0.0
TN,Virudhunagar,Srivilliputhur,0.0,0.0,0.0,721.5168672667312,0.0,0.36107134581210626
TN,Virudhunagar,Tiruchuli,0.0,0.0,0.0,548.4331009871952,0.0,0.0
TN,Virudhunagar,Virudhunagar,0.0,0.0,0.0,438.2731275655619,0.0,0.0
